Fighter,Elo
Roosevelt Roberts,1030.27773453
Nazareno Malegarie,971.47072
Nicolae Negumereanu,982.16803822
Zach Light,970.92928
Rich Clementi,1007.76094424
Derrick Lewis,1103.72085187
Vaughan Lee,971.417703061
Shunichi Shimizu,983.597131757
Matt Van Buren,955.17570798
Ricardo Funch,940.629738257
Darren Stewart,988.393137016
Rob Kimmons,980.097838932
John Salter,971.169546043
James Moontasri,961.730953207
Sean O'Connell,956.877379046
Ross Pointon,954.377806802
Alex Hunter,1034.90909091
Marcus Jones,971.6512
Khalid Taha,1012.39307023
Colton Smith,981.388347775
Chris Sanford,972.1024
Stevie Lynch,984.004115002
Jeff Curran,954.257934257
Chad Mendes,1065.87845404
Lando Vannata,990.315256365
Karlos Vemola,967.702532784
Jesse Bongfeldt,984.675244049
Sione Latu,1032
Ben Askren,1020.13222358
Jared Rosholt,1063.92579862
Scott Smith,966.544624661
Allan Goes,985.078416044
Mark Bocek,1048.90694361
Matthew Riddle,1057.21305019
John Howard,995.502618448
Tito Ortiz,1048.13847893
Michelle Waterson,1051.56278538
Joe Slick,999.69478514
Gary Goodridge,996.027473889
Harry Moskowitz,997.090909091
Joel Alvarez,1000.45795846
Phil Harris,969.595068656
Marcos Mariano,983.581568873
Paul Buentello,1003.39416381
Roberto Traven,972.19264
Leslie Smith,1019.13111062
Travis Wiuff,967.98959704
Moti Horenstein,971.532047534
Davey Grant,959.498446046
Kevin Lee,1071.54408777
Ken Shamrock,1027.11324465
Phil Johns,984.693969704
Nordine Taleb,1055.68303929
Islam Makhachev,1091.03307249
Jonathan Martinez,998.856015853
Josh Thomson,1006.08898285
Colby Covington,1127.81909137
Cortney Casey,973.760565123
Cindy Dandois,985.424286335
Josh Rafferty,970.92928
Rafael Natal,1025.29366879
Jake Shields,1029.74875655
Johnny Eduardo,986.253668031
Yair Rodriguez,1099.3772711
Nadia Kassem,997.762477916
Matt Serra,1017.79844448
Frank Shamrock,1077.18836695
Aisling Daly,1024.78298154
Oliver Enkamp,969.764226232
Rashad Coulter,971.459786667
Efrain Escudero,978.921790948
Alberto Crane,972.040903414
Conor McGregor,1111.26657932
Dustin Ortiz,1036.35626481
Humberto Bandenay,984.247142171
Dwight Grant,1019.28103022
Beneil Dariush,1089.55362516
Aaron Rosa,985.342020504
Randy Brown,1015.9346594
BJ Penn,999.537212078
Amanda Cooper,953.952962556
Junior Assuncao,986.103497715
Mario Bautista,984.64986577
Stefan Struve,1037.3567648
Stephen Thompson,1068.29183029
Tom Blackledge,981.903166255
Ryan Roberts,983.597593383
Brian Cobb,984.491243046
Ricky Rainey,969.523096057
Jack Nilson,1032
Alex Karalexis,994.215864795
Renee Forte,969.117273144
Kazushi Sakuraba,1018.90909091
Mackens Semerzier,990.222355713
Ednaldo Oliveira,968.510450791
Ian Loveland,994.374308496
Robert Peralta,1011.25013024
Mackenzie Dern,1029.12741711
Jay Hieron,944.055332472
Koji Kitao,984.001628024
Elizeu Zaleski dos Santos,1102.84594593
Dan Miller,980.150524055
Ricco Rodriguez,1041.89918873
Nate Quarry,1070.56343498
Zabit Magomedsharipov,1063.20215474
Klidson Abreu,983.952729446
Frankie Perez,971.061772968
Todd Butler,997.090909091
Michel Quinones,957.959748611
Bojan Mihajlovic,956.244398613
Andre Gusmao,958.826178759
Sean Spencer,968.386935849
Gilbert Burns,1064.83320877
Alan Patrick,1057.74741959
Ning Guangyou,1012.91129404
Brad Katona,1000.49631927
Chris Dempsey,967.137117416
Luke Caudillo,966.899914971
Royston Wee,1026.44106459
Brodie Farber,956.126531898
Aaron Wilkinson,971.29024
Buddy Roberts,1015.36883112
Syuri Kondo,985.162694482
Jonathan Goulet,989.53163304
Paul Sass,1013.28424244
Su Mudaerji,983.277365471
Khalid Murtazaliev,1016.42748728
Wes Combs,956.151953408
Maurice Greene,1043.74799627
Jesse Ronson,952.432638804
Luke Sanders,1004.52413709
Pat Audinwood,969.152485173
Carlos Newton,978.72202272
Noad Lahat,1003.07379317
John Maguire,985.947559388
Tae Hyun Bang,975.009403135
Soa Palelei,1015.8953591
Samy Schiavo,968.394057895
Pat Miletich,1092.41975585
Cody Stamann,1062.07527944
Rafael Feijao,960.562738947
Paul Redmond,969.737038334
Joao Roque,985.292010586
Reza Madadi,999.792828106
Ben Nguyen,1011.09630825
Alex Schoenauer,971.47072
Macy Chiasson,1033.07474789
Trevor Prangley,997.067299512
Movsar Evloev,1028.70976
Hyun Gyu Lim,985.167861376
Sean Strickland,1060.16940685
Hugo Viana,986.400139579
Antonio Banuelos,971.29024
Tatiana Suarez,1088.27614283
Benji Radach,998.194052686
David Velasquez,984.568443907
Seungwoo Choi,971.29024
Riki Fukuda,976.25109278
Sammy Morgan,955.630229418
Donny Walker,955.383804564
Willamy Freire,983.434101851
Alberto Mina,1042.17498775
Nick Catone,1011.76251005
Andy Ogle,947.127109184
Heather Jo Clark,974.472577301
Sean McCorkle,973.808358103
John Matua,984.036401033
Dave Galera,971.92192
Alexis Dufresne,954.824672499
Frank Caracci,968
Paul Herrera,983.492704637
DaMarques Johnson,964.506211004
Tiequan Zhang,968.911914207
Tateki Matsuda,969.351552092
Yoislandy Izquierdo,953.643087222
Homer Moore,985.208934187
Damir Ismagulov,1019.79073398
Alexis Davis,1032.09437734
Brendan Schaub,1006.2023248
Mark Holst,967.656246394
Mike Santiago,965.753033169
Mike Easton,991.985453311
Yoshiyuki Yoshida,988.236305502
Jeremy Kennedy,1039.39312777
Mark Kerr,1070.33973108
Mitch Gagnon,1000.1330146
Jimmy Wallhead,957.278209638
Anistavio Medeiros,996.07808
Chris Liguori,983.207105354
Brian Geraghty,983.691350166
Drew Dober,1017.68211747
Ronald Jhun,983.210873286
Dustin Poirier,1176.24944174
Antoni Hardonk,1011.88115141
Raulian Paiva,984.382938955
CJ Keith,967.988543831
Terry Martin,968.910941164
Anthony Pettis,1057.66730907
Michael McDonald,1048.10470854
James Zikic,971.38048
Orlando Wiet,1000.17317255
Hayder Hassan,956.356497187
Kevin Holland,1017.88221675
Keigo Kunihara,968
Jussier Formiga,1087.25582435
Roman Salazar,967.353656508
Terrion Ware,928.813860235
Jairzinho Rozenstruik,1015.71133449
Vik Grujic,958.329625948
Louis Gaudinot,982.85429849
Jutaro Nakao,1001.68751009
Weili Zhang,1046.9733015
Kyle Noke,985.556296946
Oleg Taktarov,1060.2734048
Nick Roehrick,983.87715182
Wagner Prado,971.958361224
Neil Grove,972.01216
Dan Barrera,971.38048
Marcin Tybura,1008.88231474
Marcus Bossett,983.493960112
Rolles Gracie,971.47072
Sean Sherk,1064.6864043
Viviane Pereira,998.760168352
Daniel Cormier,1177.10650171
Tim Hague,955.049178643
Myles Jury,1060.07570913
Chris de la Rocha,970.754120897
Kyoji Horiguchi,1084.29173677
Dominic Waters,957.406985998
John Albert,941.588186685
Chris Saunders,971.47072
Mitch Clarke,968.204257475
Joaquim Silva,1056.01816879
Nick Osipczak,994.68357704
Sheila Gaff,955.295678289
Jeff Cox,970.653071586
Rin Nakai,967.49968373
John Dodson,1032.90674516
Rafael Fiziev,984.292388925
Valmir Lazaro,985.211789287
Diego Ferreira,1070.84196989
Holly Holm,1022.5707453
Ron Faircloth,987.38048
Luke Jumeau,1014.69251438
Chance Rencountre,1002.35262741
Joe Giannetti,970.92928
Steve Montgomery,979.884294401
Jamie Yager,996.16832
Israel Adesanya,1101.94260609
Viscardi Andrade,1031.43474582
Matt Hamill,1078.30846971
Jorge Rivera,1031.08740224
Magomed Mustafaev,1033.45715109
Arman Tsarukyan,986.353599461
Seohee Ham,957.251317863
Vinicius Moreira,971.01952
Santiago Ponzinibbio,1114.34376924
Marcus Silveira,981.090909091
Zubaira Tukhugov,1014.89306491
Martin Svensson,971.56096
Priscila Cachoeira,954.599051389
Ian McCall,989.236101755
Jose Maria,970.396754558
Urijah Faber,1075.4859817
Gan McGee,991.101162625
Joachim Christensen,987.012024284
Rafaello Oliveira,937.06300111
CJ Fernandes,984.0
Milana Dudieva,982.134787749
Kevin Casey,965.662427059
John Campetella,982.815275055
Luan Chagas,982.781743177
Tyler Toner,971.2
Phil Davis,1083.54994286
Chico Camus,986.422325646
Dennis Hallman,1000.24203148
Derrick Krantz,987.237191381
Henry Martinez,985.767787348
Brad Tavares,1095.16090817
Sai Wang,1012.76680956
Allen Berube,983.932702864
Mark Scanlon,968
Fabiano Scherner,957.858317101
Ray Borg,1015.76663468
Royce Gracie,1132.15873935
Tom Duquesnoy,1012.65043901
Tony Petarra,983.338847613
Trent Jenkins,968
Dmitrii Smoliakov,953.263151825
Jimy Hettes,998.884260715
Chris Avila,966.42199925
Christos Giagos,1002.61844952
James Krause,1065.00245361
Sage Northcutt,1051.23451229
Brad Imes,941.265305629
Kajan Johnson,1018.58681514
Alex Chambers,949.351701358
Shane Primm,970.56832
Neil Wain,984.76848985
Omari Akhmedov,1045.5429864
Joseph Morales,992.793586567
Marc Diakiese,1026.10211397
Carla Esparza,1014.37946699
Will Brooks,975.280021429
Wuliji Buren,951.745410488
John Lineker,1103.16619512
Cynthia Calvillo,1059.78111319
Daniel Sarafian,974.291938218
Eugenio Tadeu,968
Fabio Maldonado,992.991803403
Pete Sell,956.57076494
Scott Baker,984.809144279
Joey Roberts,968
James Wilks,1012.96683271
Clifford Starks,972.076232892
Chris Fishgold,984.194774758
Dominick Reyes,1062.84297658
Chris Lytle,1028.34131286
Derek Downey,971.29024
Diego Sanchez,1086.00755418
Dan Evensen,970.066190221
Takeya Mizugaki,1030.96053949
Paul Kelly,1011.15606482
Ben Wall,979.704817537
Kris McCray,944.4124541
Steven Graham,1000
Alexandre Dantas,955.277869707
Genki Sudo,1027.04794976
Josh Ferguson,956.517977077
Josh Haynes,942.15986396
Terry Etim,1017.7091856
Brian Stann,1016.39851686
Don Madge,1003.10976
Jon Tuck,983.0079005
Bethe Correia,995.878522565
Jason Brilz,987.570532716
Rick Davis,984.472333423
Juan Espino,1029.61216
Bobby Voelker,941.177716125
Roger Hollett,970.271946734
Allen Crowder,1000.43851549
Ali Bagautinov,1022.14187865
Leonardo Mafra,959.46203422
Yves Jabouin,1000.3790148
Jessamyn Duke,976.962987504
TJ Grant,1081.8239454
Patrick Williams,960.509379187
Elias Silverio,1011.58705052
Lauren Murphy,971.153944924
Jocelyn Jones-Lybarger,953.441793637
An Ying Wang,986.202981318
Devin Powell,981.133094893
Anthony Torres,1013.37778428
Spencer Fisher,1015.78077605
Josh Koscheck,1052.96719968
Emily Whitmire,1005.35813674
Dmitry Sosnovskiy,1016.06331691
Gregor Gillespie,1092.38700883
Victor Valimaki,980.84665761
Matt Hobar,984.678345431
James Lee,984.412680613
Iliarde Santos,954.421814831
Fredy Serrano,987.611337904
Leonard Garcia,929.284198851
Tony DeSouza,1008.58608514
Luke Cummo,972.105700554
Kevin Randleman,1020.91934376
James Giboo,971.10976
Ed Herman,1010.19630485
Alex Oliveira,1058.29661927
Matt Grice,945.799877171
David Bielkheden,988.075275013
Felix Lee Mitchell,984.080765097
Taylor Lapilus,1040.98914731
Justin Levens,970.664598728
Germaine de Randamie,1052.51311116
John Kolosci,971.92192
Diego Saraiva,952.925131615
Sean Soriano,939.29817438
Saeed Hosseini,968
Sabina Mazo,984.020275909
Adlan Amagov,1020.76943742
Fabricio Camoes,963.172518828
Max Holloway,1167.09423895
Julie Kedzie,981.359116106
Cory Sandhagen,1054.50234639
Bartosz Fabinski,1044.18579595
Ryan LaFlare,1061.24290117
Tom Murphy,1029.34144
Steve Berger,959.651216669
Joe Ellenberger,1012.3631675
Carlo Pedersoli,983.186626081
Arnold Allen,1073.22252403
Edwin DeWees,953.806342755
Shana Dobson,987.439746702
Chris Wilson,973.135097708
Clay Collard,969.147419796
Rose Namajunas,1044.17085374
Anderson Silva,1122.66254545
Mario Neto,968
Ben Earwood,1032
Andre Roberts,1001.20230692
Misha Cirkunov,1040.01507575
Brett Johns,1024.12278219
Alex White,985.940705641
Anna Elmose,968.230229886
Daniel Jolly,955.362085732
Alexander Hernandez,1023.34983164
Anton Zafir,967.32330065
Bubba Bush,981.248432616
Chris Cariaso,1013.57777507
Roger Zapata,982.928186176
Gabe Ruediger,956.61985318
Jesse Lennox,994.857985176
Jon Manley,996.89024
Russell Doane,963.164783172
Jordan Griffin,984.527151962
Townsend Saunders,970.743220997
Caio Magalhaes,1003.63199642
Hakeem Dawodu,1016.47286336
Akbarh Arreola,982.914209196
Abner Lloveras,971.56096
Marcus Brimage,1005.25224171
Anton Kuivanen,997.659650211
Anthony Johnson,1106.96698526
Rashad Evans,1071.55546741
Ramazan Emeev,1050.36838425
Martin Kampmann,1071.62247224
Bas Rutten,1034.19492043
Nick Pace,970.934485877
Alan Omer,981.195257556
Cezar Ferreira,1060.44647597
Kyle Stewart,983.197223586
Sean Pierson,1040.52093981
Ivan Menjivar,983.141320345
Dean Lister,1034.0102417
Yves Edwards,989.989229169
Bill Mahood,986.134883732
Chael Sonnen,1038.32127431
Geoff Neal,1046.92591449
Alex Soto,969.910755053
Paul Jones,1015.97808105
Augusto Montano,985.249809709
Alexander Volkov,1051.72363248
Daniel Teymur,960.681848242
Thomas Almeida,1023.0137831
Donnie Chappell,968
Lorenz Larkin,1020.48045409
Anthony Njokuani,975.23057845
Chris Heatherly,968.714930863
Noe Hernandez,968
Eiji Mitsuoka,970.687167354
Frank Trigg,966.811752021
Karl Roberson,1002.19253798
Darrill Schoonover,970.7488
Chris Leben,1006.52695836
Stephen Bass,971.47072
John Marsh,994.021527273
Art Jimmerson,985.928941189
Jake Lindsey,952.8745695
Renato Sobral,1035.30838849
Marina Rodriguez,1013.59287022
Darren Uyenoyama,1000.33106824
Edilberto de Oliveira,955.291627735
Steve Steinbeiss,966.666767343
Maia Stevenson,997.7024
Justin Edwards,946.753840385
Roldan Sangcha-an,966.439451531
Kalindra Faria,939.931603876
Luis Pena,1027.86002603
Josh Stansbury,971.711580948
Dustin Hazelett,998.403523709
Gillian Robertson,1038.89620318
Phillip Miller,1043.05564212
Ron van Clief,991.081133958
Montel Jackson,1016.69044288
Antonio Carlos Junior,1030.47900003
Patrick Walsh,1011.00710473
Fabricio Werdum,1100.72891912
Milton Vieira,984.993311297
Deiveson Figueiredo,1035.23736105
Sam Alvey,1039.16602192
Andy Enz,951.995580224
Shawn Jordan,1021.64970857
Teila Tuli,982.700288803
Josh Grispi,925.531248017
David Terrell,1020.54747615
Joe Moreira,1000.89400551
Doug Evans,970.293198052
Joanna Jedrzejczyk,1073.00452389
Jarred Brooks,997.471726664
Jose Aldo,1100.85068916
Sergey Khandozhko,1003.2
Lukasz Sajewski,953.684010834
Wallid Ismail,971.29024
Charlie Valencia,984.122233802
Joanne Calderwood,1025.71429712
Vagner Rocha,973.543986092
Oli Thompson,981.889172813
Augusto Mendes,987.640532241
Robbie Lawler,1101.68747927
Denis Kang,988.91671727
Eugene Jackson,974.877215628
Zhang Lipeng,985.219997265
Azamat Gashimov,968.507873128
Pat Healy,925.325061543
Ramsey Nijem,1006.03412868
Luiz Dutra,957.074069418
Mike Pyle,1017.87873764
Bojan Velickovic,975.35261864
Gilbert Yvel,958.382176264
Justin Eilers,971.278349392
Reginaldo Vieira,997.807130413
Francis Ngannou,1106.7383427
Estevan Payan,955.000613947
Alexander Volkanovski,1112.62974594
Nick Hein,996.272059275
DeAnna Bennett,1013.07072
David Levicki,983.974324788
Dwayne Cason,1002.61178681
Colin Robinson,970.507533357
Brian Foster,1013.20478813
Kiichi Kunimoto,1026.83822655
Jordan Radev,969.477179722
Rainy Martinez,985.359012709
Kyle Prepolec,984.7614146
Maurice Smith,1021.70015222
Duane Ludwig,987.747888355
Matt Brown,1063.58718838
Michel Batista,971.38048
Greg Stott,986.598895611
Rolando Delgado,995.038542695
Jessica Penne,983.034986707
Justin Ledet,1001.35507566
Molly McCann,1001.2905696
Valeri Ignatov,981.224874547
Dominique Steele,956.43072155
Nicolas Dalby,973.085989053
Tony Sims,973.505226453
Ryan Parker,984.157873089
Jared Rollins,971.56096
Brian Houston,968.834810264
Tommy Speer,955.706529622
Josh Barnett,1077.12802711
Will Chope,983.993008556
Alex Da Silva,982.264060269
Alberta Cerra Leon,984.17347791
Paige VanZant,1031.95463505
Josh Clopton,958.160234095
Charlie Brenneman,966.812080835
Lisa Ellis,956.826975814
Said Nurmagomedov,1032.80676359
Jared Cannonier,1025.12675255
Roger Bowling,968.749373599
Rudyard Moncayo,984.928940617
Suman Mokhtarian,996.89024
Pat Barry,972.966333391
Renzo Gracie,989.363053883
Jorge Patino,985.734965739
Kevin Souza,1030.26565289
Brock Jardine,969.232926199
Abel Trujillo,1031.72572937
Erik Perez,1068.94697417
Glover Teixeira,1114.14913875
Igor Pokrajac,942.656521216
Francis Carmont,1041.8399962
Ron Waterman,1028.76006689
Gegard Mousasi,1112.13781823
Donald Cerrone,1164.30509696
Adriano Martins,1020.25244271
Justin Jones,968.753198046
Julio Paulino,969.895147372
Sara McMann,1016.03959428
Marcelo Guimaraes,999.737439378
Yancy Medeiros,1020.55793426
Chris Kelades,1004.30509133
Jason Miller,958.414029086
Dooho Choi,1014.72378617
Garreth McLellan,946.074259437
Sheldon Westcott,995.965251371
Ivan Salaverry,988.317461123
Ryan MacDonald,983.328382465
Branden Lee Hinkle,999.200833763
Carmelo Marrero,971.085487571
Josh Shockman,985.292999107
Matt Lucas,983.275607302
Grant Dawson,1032.38707165
Ricardo Lamas,1065.83280626
Chris Indich,954.401138253
Cole Escovedo,966.641225028
Gilbert Melendez,952.5393816
Gerald Meerschaert,1014.01594092
George Roop,957.524679742
Don Frye,1116.90359152
Marc-Andre Barriault,984.694112612
Takashi Sato,1015.89513239
Aaron Riley,952.809521961
Bevon Lewis,967.221613595
Dan Hardy,1038.48358945
Merab Dvalishvili,999.527970989
Javier Vazquez,1017.15018046
Jodie Esquibel,950.727950448
Henry Briones,969.290616619
Xavier Foupa-Pokam,966.693056078
Thiago Tavares,1046.37916839
Bristol Marunde,981.446031771
Andre Pederneiras,986.782783105
Chuck O'Neil,996.52928
Yui Chul Nam,981.941579222
Josh Emmett,1049.49834784
Ron Stallings,984.443858602
Ricardo Ramos,1028.9194592
Ji Yeon Kim,999.025475838
Dave Beneteau,1004.79836917
John Halverson,970.925380449
Jeff Hughes,984.871523732
Semmy Schilt,1000.98380102
Cory Hendricks,996.52928
Bea Malecki,1029.16096
Richie Smullen,971.29024
Daniel Roberts,984.855946204
Pannie Kianzad,996.70976
Takanori Gomi,947.720972838
Roland Delorme,1006.36509332
Renan Barao,1000.57692884
Jason Novelli,971.719389749
Sherman Pendergarst,972.01216
Mike Rio,969.44479976
Dan Cramer,1001.09466735
Yuki Kondo,996.742617908
Akira Corassani,991.4088186
Yoshihiro Akiyama,967.845876016
Leo Kuntz,955.974984514
Asbel Cancio,984.07686902
Bec Rawlings,963.68583513
Justin James,971.6512
Paul Taylor,997.401884706
Austin Arnett,981.686361759
Marcos Vinicius,996.391380235
Kyung Ho Kang,1031.39572509
Bharat Kandare,972.19264
Anthony Christodoulou,969.343551334
Joe Duffy,1016.32785114
Gabriel Gonzaga,1016.21096699
Ross Pearson,979.843718029
Kevin Aguilar,1034.07745423
Jorge Lopez,967.759112541
Jay Silva,969.922001448
Glaico Franca,996.108029545
Magnus Cedenblad,1029.97071439
Larry Cureton,969.47068795
Felipe Arantes,974.172831504
Rustam Khabilov,1080.58457899
Marcus Davis,1034.01226345
Mizuto Hirota,944.913546405
Bob Cook,1032
Waylon Lowe,1004.70241744
Jesse Taylor,999.427631341
Charlie Ward,981.355791771
Matthew Lopez,976.800397829
Junior Albini,969.09536063
Johnny Bedford,974.70172362
Irene Aldana,1017.75208213
Michael McBride,971.056653845
Cain Carrizosa,955.144187334
Gerard Gordeau,1006.5118669
Abdul Razak Alhassan,1036.19960924
Mike Swick,1066.49935006
Remco Pardoel,1019.27040875
Oskar Piechota,1014.14784908
Roman Mitichyan,1012.62616913
Royce Alger,965.090909091
David Lee,952.701338656
Kurt Pellegrino,1034.96963263
Vernon Ramos,996.61952
Curtis Blaydes,1063.25871296
Darrel Gholar,968
Joe Proctor,1005.89348695
Greg Hardy,998.392599126
Curt Warburton,988.650925277
Enrique Barzola,1032.32641396
Mauricio Rua,1044.38337129
Kurt Holobaugh,942.502317241
Bobby Southworth,972.19264
Valerie Letourneau,1010.09603701
Darrell Montague,954.199427963
Dave Herman,966.1752369
Elvis Mutapcic,967.222856169
Hector Lombard,947.617902873
Shane del Rosario,968.870593862
Michal Oleksiejczuk,1030.09123308
Pedro Nobre,1000.38942409
Chris Wade,1051.71446219
Alex Caceres,996.630836841
Eddie Mendez,983.345768638
Nah-Shon Burrell,1010.8125541
Danielle Taylor,983.226427524
Eric Spicely,984.857086337
Peter Sobotta,993.712064663
Ivan Jorge,997.974444102
Jessin Ayari,995.859875675
Jim Alers,973.328761495
Scott Fiedler,983.373845837
Neil Seery,991.824012071
Mark Munoz,1053.05697444
Mike Wessel,984.985806221
Kalib Starnes,1000.90900763
Antonio Silva,959.782824788
Anthony Rocco Martin,1077.87329852
Jesse Sanders,983.492552732
Lyoto Machida,1110.37080088
Jake Matthews,1046.81794197
Amar Suloev,970.953127296
Matt Frevola,1001.05207321
Matheus Nicolau,1018.68377873
Ulysses Gomez,955.769624476
Adam Cella,970.92928
Nate Diaz,1077.33575886
David Michaud,993.743389213
Nolan Ticman,979.838466993
Frank Lester,971.29024
Ryo Chonan,973.978948041
Brian Ebersole,1030.22028335
Mike de la Torre,973.846558254
Ion Cutelaba,1002.39021809
Collin Hart,971.10976
George Sotiropoulos,1045.82673057
Randy Couture,1122.80491682
Cesar Arzamendia,979.215558609
Alex Gorgees,996.43904
Jordan Espinosa,1015.2629774
Joey Gilbert,971.38048
Magomed Ankalaev,1014.76418092
Hans Stringer,982.199149696
Bryan Caraway,1040.54474941
Claude Patrick,1031.18900495
Bryan Barberena,1021.34543841
Sean Gannon,968
Philip De Fries,983.817058588
David Teymur,1071.33273288
Juliana Lima,998.691974442
Julian Erosa,964.912922705
Matt Mitrione,1061.37772067
Demetrious Johnson,1166.48593387
Justin Frazier,970.38784
Randa Markos,994.89978689
Ryan Benoit,992.260210369
Wes Albritton,983.716399451
Vladimir Matyushenko,1041.20997217
Marcin Prachnio,969.774416951
Hermes Franca,1029.91515367
Tor Troeng,980.272916474
Juan Puig,968.387031388
Cung Le,1007.43030359
Forrest Griffin,1085.9565453
Bradley Scott,959.707743322
Lewis Gonzalez,983.259617829
John Cholish,974.418778388
Lee Murray,1016.18462489
James Bochnovic,956.039005931
Jeremy Jackson,955.890149242
Gasan Umalatov,969.935530938
Rory Markham,997.877670036
Jason Godsey,968.939817739
Matt Arroyo,994.735965332
Guto Inocente,968.050472103
Guy Mezger,1035.47402021
Dominick Cruz,1069.34713807
Jordan Johnson,1061.67440036
Frank Hamaker,1032
Joe Doerksen,926.333972339
Mickael Lebout,985.628194829
Rodolfo Rubio,971.6512
Jan Blachowicz,1028.42775185
Nasrat Haqparast,1013.26181716
Ariel Beck,996.70976
Mike Jackson,987.732803926
Corey Anderson,1077.01861108
Mark Godbeer,1000.3640756
Ryan Thomas,969.203273681
Alex Reyes,985.539814669
Brad Pickett,952.410993567
Callan Potter,984.461205421
Jon Fitch,1148.5795556
Manny Bermudez,1043.99529387
Cyril Asker,984.259473358
Yuki Sasaki,984.553657011
Rob Yundt,967.73888719
Rory MacDonald,1079.77361313
Alex Nicholson,970.570021242
Luke Rockhold,1063.17459703
Cody Garbrandt,1047.70930579
Anthony Smith,1063.91696154
Gilbert Aldana,968.612170166
Rodrigo Ruas,970.56832
Virna Jandiroba,983.844322559
Chad Laprise,1032.27482195
Anthony Hamilton,935.315694285
James McSweeney,995.811284156
Flavio Luiz Moura,968
Mike Ricci,974.771994833
Jessica Andrade,1101.23490278
Damian Grabowski,955.30202525
Aaron Simpson,1055.72069553
Alessandro Ricci,958.185079717
Mark Coleman,1025.18762323
Eddie Alvarez,1037.63541616
Lowell Anderson,968
Zach Makovsky,987.902022996
Naoyuki Kotani,915.277356306
Goran Reljic,971.021892242
Gideon Ray,955.751924743
Mike van Arsdale,1009.38279066
Heath Herring,985.932156652
Papy Abedi,973.576760374
Costas Philippou,1032.25134775
Michinori Tanaka,984.250412157
Tecia Torres,1033.08738903
Henry Cejudo,1122.52143718
Dan Christison,1001.73318183
Jordan Rinaldi,990.790613971
Nissen Osterneck,982.893941406
Carlo Prater,984.82909095
Julio Arce,1016.70080929
Vince Morales,1002.50195978
Muslim Salikhov,1001.04087623
Joe Veres,969.229827625
Yao Zhikui,968.243452318
Justin Salas,976.052038043
Felice Herrig,1039.85808633
Randy Costa,982.570088108
Jared Gordon,1010.27297068
Joe Son,984.942127391
Roberto Sanchez,973.221739582
Ben Rothwell,1025.42182697
Paul Varelans,1001.33674153
Dan Henderson,1038.05388092
Tonya Evinger,956.46803315
Satoshi Honma,984.206774408
Paul Craig,1003.07429755
Francisco Rivera,976.113482132
TJ Dillashaw,1129.7638762
Jacob Volkmann,1032.96996292
Darren Till,1047.73784806
Brad Blackburn,1024.45482385
Niklas Backstrom,982.35854394
Lodune Sincaid,971.01952
Jason Reinhardt,957.166220552
Devonte Smith,1031.53226514
Jon Hess,1032
Robert Drysdale,1013.16096
Rodney Wallace,954.19319128
John Makdessi,1059.69615855
Rob Whiteford,987.413364208
Ryan McGillivray,996.43904
Tyson Griffin,1020.70291753
Chris Brennan,954.829707383
Hannah Cifers,988.300534641
Jens Pulver,1065.90273544
Bryce Mitchell,1018.99629311
Ketlen Vieira,1059.54058624
Junior Dos Santos,1149.99473546
Tim Kennedy,1034.26660109
Alistair Overeem,1084.72937052
Mike Stumpf,969.919355066
Bart Palaszewski,971.095433544
Tim Williams,970.120288148
Rafael Carino,1032
Josh Bryant,996.8
Danny Mitchell,968.581302594
Evan Dunham,1049.87606048
Nick Agallar,984.318926855
Viktor Pesta,963.80315183
JJ Aldrich,1016.69945992
Kuniyoshi Hironaka,972.8627459
Alex Stiebling,968
Seth Baczynski,977.681936407
Court McGee,1014.84619661
Lucie Pudilova,980.431846372
Talita Bernardo,969.566563061
Minotauro Nogueira,999.631719089
Brandon Melendez,984.782917892
Ivan Serati,983.294350193
Emily Peters Kagan,980.496297767
Max Griffin,994.41004102
Keith Jardine,999.476805592
Rick Glenn,1001.98302026
John Moraga,1043.72068216
Nina Ansaroff,1019.10511273
Teruto Ishihara,965.806473409
Jennifer Maia,1000.90923152
Sultan Aliev,1003.01739448
Mark De La Rosa,997.403821645
Ariane Lipski,984.149357453
Matt Sayles,998.939539619
Will Campuzano,951.781715214
Benson Henderson,1123.51490861
Caros Fodor,984.3475177
Nad Narimani,1002.53433206
Mike Brown,980.182083888
Tyson Pedro,995.813666796
Marcin Bandel,968.795003237
Melinda Fabian,971.618956554
Kai Kara-France,1030.92005833
Chad Griggs,970.944994825
Walel Watson,978.797090108
Edward Faaloloto,969.2240088
Matt Lindland,1084.86664408
Alex Garcia,992.609644365
Daron Cruickshank,999.140639933
Andre Ewell,1001.55623349
Kenny Robertson,991.052656358
Solomon Hutcherson,984.22592046
Liu Pingyuan,1030.07816484
Darko Stosic,998.503253024
Brian Camozzi,955.186209026
Alptekin Ozkilic,969.965651065
Sodiq Yusuff,1019.37213686
Eryk Anders,987.167101608
Daniel Spitz,978.983875312
David Loiseau,983.274874722
Junior Hernandez,968.651374765
Geraldo de Freitas,1029.07072
Forrest Petz,954.36855625
Ashkan Mokhtarian,968.367056819
Darrell Horcher,972.832984679
Albert Tumenov,1025.52797004
Paul Rodriguez,985.319132211
Phillipe Nover,920.18293689
Jason Thacker,971.6512
Alfonso Alcarez,987.6512
Drew McFedries,986.009024547
Kendall Grove,1012.48081017
Tom Lawlor,1023.93213683
Thiago Santos,1119.15141426
Guido Cannetti,978.918878444
Nick Diaz,1032.68759089
Ashlee Evans-Smith,986.068054402
Nate Loughran,1012.73635648
Dieusel Berto,968
Mike Whitehead,984.503959236
Steve Nelmark,1014.74933189
Andrew Craig,985.400788631
Abu Azaitar,1015.93928093
Shannon Gugerty,996.651418164
Mike Rhodes,941.824875264
Fred Ettish,983.201384121
Barb Honchak,967.479130405
Tiki Ghosn,933.565287799
Eddie Sanchez,997.647317219
Grigorii Popov,983.211205517
Jarjis Danho,983.713022613
Jamie Moyle,982.246106736
Dustin Pague,949.133715682
Mike Nickels,1012.05746461
Kwan Ho Kwak,954.741452218
Matt Andersen,968
Gina Mazany,969.569228921
Melton Bowen,997.090909091
Scott Holtzman,1033.63984843
Jimmy Quinlan,970.56832
Justin Buchholz,955.162429669
Paul Daley,1022.48885613
Frankie Edgar,1162.53113197
Alexandre Ferreira,984.759746945
Peggy Morgan,971.74144
Demian Maia,1144.75112068
Benito Lopez,999.770818909
Jenel Lausa,966.082048213
Simeon Thoresen,994.055732488
Wanderlei Silva,999.37974388
Kerry Schall,971.56096
Tony Halme,994.562967273
Ericka Almeida,968.733670018
Mark Hall,990.401162294
Chris Holdsworth,1043.94258758
Amilcar Alves,968.565068021
Bobby Green,1015.25277519
Ryan Bader,1144.48773841
Jacare Souza,1089.09832004
Tim Means,1033.60361657
Shane Young,1016.10799578
Leandro Silva,987.732419863
Blagoy Ivanov,1022.68808313
Brian Gassaway,985.944496777
Richie Vaculik,981.157061612
Alvin Robinson,970.628420153
Paul Felder,1070.2210502
Cain Velasquez,1133.90304959
Viviane Araujo,1015.44826806
Kenny Florian,1094.63471113
Kelly Dullanty,984.122854231
Jorge Gurgel,983.136344782
Claudio Puelles,986.974076314
Tarec Saffiedine,983.310133292
Teemu Packalen,985.641819075
Mike Perry,1035.61297344
Gavin Tucker,998.769384471
Chad Reiner,970.218807575
Livinha Souza,1028.69562932
Jules Bruchez,971.47072
Johnny Walker,1048.09382237
Richardson Moreira,956.731407749
Amanda Lemos,983.744997312
Richard Walsh,977.682423732
Katsunori Kikuno,987.302159624
Eric Schafer,958.079512046
Dhiego Lima,988.165783469
Mike Lullo,982.157978682
Brian Ortega,1087.08722919
Chris Cope,971.302601538
Tatsuya Kawajiri,1018.9292352
Desmond Green,1024.79954485
Jason Knight,982.873842042
Thomas Gifford,984.639472778
Mike Grundy,1016.80187771
Levan Makashvili,998.011206868
Nick Sanzo,984.655277829
Petr Yan,1077.47627294
Duda Santana,970.83904
Chris Tuchscherer,971.2491546
Shayna Baszler,971.18805757
Wendell Oliveira,969.193820791
JC Cottrell,968.066999234
Leonardo Morales,954.92928
Joe Riggs,983.881750192
Joey Gomez,968.569965869
Mara Romero Borella,1028.55617662
Jon Koppenhaver,1010.67172076
Reza Nasri,983.497666959
Ilir Latifi,1043.31669058
Andrea Lee,1031.38595397
Henrique da Silva,965.131726022
Kamal Shalorus,961.312329253
Tomasz Drwal,999.691763604
Claudia Gadelha,1026.08824404
Yosdenis Cedeno,958.212349035
Danillo Villefort,971.10976
Damian Stasiak,967.405937118
Cal Worsham,984.277663561
Justin Scoggins,968.292941156
TJ Waldburger,1008.18248985
Tom Breese,1043.79139235
Yaotzin Meza,974.3866943
Michael Trizano,1028.23768734
Mirsad Bektic,1084.23607418
Josh Samman,1022.20446599
Bernardo Magalhaes,956.252281141
Chris Weidman,1096.2196498
Harold Howard,983.22993334
Mario Miranda,972.821642431
Jason Day,987.635676049
Nate Mohr,965.501084906
Leonardo Augusto Leleco,968.216753048
Brad Gumm,984.0
Jamie Varner,960.250547399
Danny Castillo,1003.1500151
Charles Rosa,987.605521847
Daichi Abe,982.830214203
Paul Creighton,986.270504965
Travis Browne,1027.23682575
Ricardo Romero,983.376841787
Logan Clark,1032
Tamdan McCrory,984.929737942
Tommy Hayden,967.03088288
Alex Morono,1038.9188703
Chris Price,967.803011233
Danny Martinez,971.158626369
Jesse Forbes,938.642617065
Hernani Perpetuo,968.640166628
Saparbeg Safarov,987.625771616
Erik Koch,992.302644875
Andrei Arlovski,1040.62058032
Filip Pejic,983.092719547
Wagner Silva,956.683968471
Bobby Hoffman,971.444792301
Karolina Kowalkiewicz,1002.82014411
Kevin Burns,981.53758641
Steve Byrnes,968
Carlos Condit,994.468443024
Darren Elkins,1101.6285956
Jeff Monson,1023.38863304
Guilherme Vasconcelos,983.075053425
Rick Story,1080.85446495
Patrick Smith,1035.26545959
Paul Georgieff,983.19018123
Veronica Macedo,953.284451442
Ryan Jensen,946.93640996
Joe Soto,982.29600831
Calvin Kattar,1051.1641984
Makwan Amirkhani,1060.30182534
Jason Dent,961.260814358
Galore Bofando,1001.57565789
Al Iaquinta,1075.64540166
Wang Guan,1016.64537771
Emil Meek,989.060066596
Jake Collier,999.71220061
Jason Fairn,968
Andreas Stahl,980.591654457
Jon Delos Reyes,970.801618897
Jimi Manuwa,1007.80405663
Jason Saggo,1010.73428874
Dan Hooker,1056.39476946
Raoni Barcelos,1047.01441328
Gokhan Saki,999.34009846
Dennis Siver,1055.09575161
Emmanuel Yarborough,968
Thomas Ramirez,986.00378986
Maiquel Falcao,1017.96611599
Rich Franklin,1094.30858826
Richie Hightower,971.74144
Angela Magana,942.202335713
Joe Charles,972.276621799
Leonardo Santos,1087.26741883
Adam Wieczorek,1011.82757855
Tim Gorman,970.044902952
Liz Carmouche,1014.34548582
David Dodd,968
Ryan Hall,1037.01460302
Scott Jorgensen,947.390318482
Danny Henry,1027.58521753
Laverne Clark,1033.24036632
Jake O'Brien,1022.8965563
Ricardo Abreu,1011.83834685
Horacio Gutierrez,981.37916983
Steve Bosse,1016.87190409
Andrei Semenov,998.662687377
Masio Fullen,996.071257448
Fabiano Iha,995.674505677
Garett Whiteley,942.615164769
Tyrone Roberts,1032
Sarah Moras,979.220605022
CB Dollaway,1019.80091737
Carlos Huachin,984.246185207
Jon Olav Einemo,958.964009752
Julija Stoliarenko,996.70976
Robert Whittaker,1149.19620288
Hector Urbina,983.574666804
Jonavin Webb,965.895216209
Alejandro Perez,1074.31356853
Alex Torres,971.01952
Issei Tamura,983.627360109
Dan Lauzon,956.058723509
Thaddeus Luster,968
Murilo Bustamante,1037.26739323
Kyle Bradley,967.742849535
Keith Hackney,1019.27957816
Karine Gevorgyan,996.98048
Volkan Oezdemir,1006.00614111
Cody East,965.837620246
Edson Barboza,1080.75832044
Rogerio Nogueira,1022.59752879
Rashid Magomedov,1054.36952571
Alexander Gustafsson,1068.42013727
Kron Gracie,1016.48289857
Sung Bin Jo,981.435849496
Renato Verissimo,986.503098374
Mike Davis,985.292554202
Christina Marks,997.7024
Houston Alexander,972.150929754
Ernie Verdicia,983.287576519
Per Eklund,983.373623761
Fabio Gurgel,983.914899095
Keith Wisniewski,926.655147471
Thiago Alves,1037.96522304
Jorge Masvidal,1071.69134329
Jack Marshman,999.355216796
Louis Smolka,993.017979353
Nick Serra,984.034738624
Dileno Lopes,955.633875288
Mike King,971.56096
Jay Cucciniello,997.2512
Michihiro Omigawa,932.885961917
Bruno Korea,996.98048
Kyle Bochniak,972.948325838
Johny Hendricks,1063.1101631
Shane Howell,969.28687126
Gilbert Smith,971.38048
Chris Tickle,971.56096
Lance Benoist,997.837491323
Travis Lutter,974.491497336
Dan Moret,968.850135372
Sheymon Moraes,1001.32582235
Masanori Kanehara,988.916885922
Devin Clark,1014.92483036
Andre Winner,959.38941112
Dan Severn,1075.18282204
Marcelo Mello,1032
Tra Telligman,961.287814644
John Gunther,1012.99687102
Gunnar Nelson,1061.06481865
Walt Harris,993.965247843
Joe Stevenson,1004.29915919
Joseph Benavidez,1148.7177104
Norman Parke,1013.52988919
Wagner Campos,971.01952
Vinny Magalhaes,946.362409166
Chris Condo,968
Salim Touahri,967.673460185
Trevin Giles,1027.26160912
Chris Gruetzemacher,1012.79365537
James Head,984.939080183
Thiago Perpetuo,993.926300116
Francimar Barroso,1001.1330713
Billy Miles,971.10976
Tai Tuivasa,1014.58339747
Felipe Colares,970.92928
Rob Wilkinson,967.760283006
Kevin Rosier,999.505352402
Matt Wiman,1070.89286839
Sam Fulton,968
Luis Henrique,954.052717424
Edgar Garcia,938.710682621
Joe Lauzon,1013.65189612
Diego Nunes,1002.26449697
Luiz Cane,985.916638966
Sean Daugherty,983.237965424
Kristian Rothaermel,983.563167501
Leon Edwards,1109.27721859
Jessica Eye,975.007053775
Shane Burgos,1058.59056128
Roan Carneiro,994.062438558
Sarah Kaufman,996.341538209
Mike Massenzio,957.016018828
Julian Sanchez,986.828395069
Tim Lajcik,971.195398941
Nicco Montano,1015.27037694
Tom Egan,968
Hugo Duarte,984.937128926
Leigh Remedios,971.38048
Steve Lopez,969.261789857
Rob Emerson,985.956082713
Rodrigo Damm,973.821720618
Thibault Gouti,944.929965071
Jon Madsen,1052.59043635
John Lober,986.203304397
Cody Donovan,968.20380755
Assuerio Silva,957.757039432
Jason Young,968.409745263
Justin Willis,1033.66987469
Ruslan Magomedov,1035.50462559
Pablo Garza,988.398198149
Masutatsu Yano,982.683880764
Jorge de Oliveira,969.546374185
Megan Anderson,983.455922202
Eric Wisely,968.140275228
Jason MacDonald,975.219044999
Mark Hughes,1032
Vitor Miranda,999.56883403
Sergio Pettis,1037.15362428
Alexander Yakovlev,997.537529473
Rory Singer,1011.27640314
Wilson Reis,1019.64903407
Trevor Smith,995.225219372
Junie Browning,1012.79074548
Thiago Silva,1061.756709
Khabib Nurmagomedov,1162.71027038
Amir Sadollah,1018.01474982
Ken Stone,989.344303254
Motonobu Tezuka,967.414957124
Alessio Sakara,975.201022348
Cory Walmsley,968
Jason DeLucia,1016.29417162
Jesus Pinedo,999.199991968
Hector Ramirez,969.888149054
Brock Lesnar,1028.41819969
Andre Fili,1033.05976481
Rafael Dos Anjos,1137.15282883
Lance Gibson,1016.19741237
David Baron,972.1024
Jonathan Wilson,968.605851718
Cyrille Diabate,1000.61151508
Yoji Anjo,954.209738608
Artem Lobov,971.765574615
Katlyn Chookagian,1043.20427511
Pedro Rizzo,1054.54471082
Todd Duffee,1015.14949478
Cris Cyborg,1060.18677837
Edmen Shahbazyan,1028.67842897
Rolando Dy,969.585480849
Joe Gigliotti,967.216514434
Brandon Thatch,970.600914809
Mike Russow,1029.26042577
Sam Stout,975.399435479
Marvin Eastman,959.978686965
James Irvin,972.907757463
Jessica Aguilar,957.603662981
Mayra Bueno Silva,1017.93501079
Aleksei Oleinik,1060.34792337
Aspen Ladd,1043.74557564
Lauren Mueller,983.398152448
Jason Von Flue,984.613289013
Anderson Dos Santos,984.314990227
Mac Danzig,971.617850778
Antonina Shevchenko,999.60338359
Danny Abbadi,954.391609318
Joao Pierini,983.258808571
Daiju Takase,953.164531313
Nico Musoke,997.634236343
Jake Ellenberger,980.904609181
Damacio Page,940.493387713
James Te Huna,994.319595926
George Sullivan,998.010581993
Joao Zeferino,969.048779037
Matt Dwyer,969.246235891
Taila Santos,983.824238392
Clay Harvison,994.426537979
Dennis Bermudez,1027.15315208
Manuel Rodriguez,970.83904
Ricardo Almeida,1023.56285127
Luke Zachrich,985.096126547
Mats Nilsson,971.027698731
Felicia Spencer,1015.88549702
Alex Perez,1046.74302269
Scott Askham,967.80513693
Marlon Vera,1032.14254964
Tony Ferguson,1195.0444733
Brad Morris,956.068221554
Jose Quinonez,1020.57835869
Michel Pereira,1016.86261622
Olivier Aubin-Mercier,1031.47792617
Marcos Rogerio de Lima,1022.80540123
Sabah Homasi,954.397212667
Sanae Kikuta,1016.26070026
Willie Gates,969.891938124
Ebenezer Fontes Braga,1015.98672903
Mark Eddiva,958.148716571
Byron Bloodworth,957.982515871
Alen Amedovski,984.698002247
Anthony Hernandez,982.972977862
Michael Patt,970.457032598
Chris Spang,996.70976
Robert Lucarelli,983.236570586
Shinsho Anzai,991.556200324
Mads Burnell,986.792472825
Laureano Staropoli,1031.62451963
Mark Weir,986.162895846
Krzysztof Soszynski,1047.17322195
Wesley Correira,988.141759921
Sean Salmon,970.951147232
Felipe Olivieri,983.602699252
Valentina Shevchenko,1068.39527554
Yoel Romero,1119.96421097
Danilo Belluardo,983.312267565
Shane Roller,973.39710995
Luana Carolina,1014.4100724
Cole Smith,1016.24186663
Paul Bradley,969.04667246
Alessio Di Chirico,1025.73701859
Luis Ramos,957.526507296
Mike Kyle,1014.1162056
Paulo Thiago,966.481060945
Akihiro Gono,990.047651241
Chanmi Jeon,966.85120706
Mike Guymon,960.056897622
Nandor Guelmino,997.34144
Cody Gibson,978.621592909
Steven Peterson,983.770665132
Jin Soo Son,984.581192612
Yushin Okami,1086.89676499
Andrew Holbrook,986.059735659
Kazuki Tokudome,967.475219713
Brian Johnston,974.780056755
Tai Bowden,968
Alexandre Pantoja,1071.60975679
Gerald Harris,1040.85544344
Rodrigo de Lima,967.055715051
Stipe Miocic,1142.7124958
Pearl Gonzalez,969.509848018
Maycee Barber,1043.86626953
Rob MacDonald,971.741117071
Alberto Uda,969.237786639
Vicente Luque,1092.18882273
Brandon Wolff,970.822833049
Krzysztof Jotko,1029.35697566
Michael Bisping,1134.88153296
Drakkar Klose,1022.45032885
Todd Brown,968.007788412
Rich Attonito,1004.63058164
Jonathan Wiezorek,1028.52928
Kyle Nelson,969.055416962
Bruno Santos,997.818941096
Cristiano Marcello,984.279024906
Mickey Gall,1037.67537734
Michael Graves,1042.70369299
Ulka Sasaki,988.148163211
Charles Jourdain,983.774370613
Tim Boetsch,1013.59906438
Vitor Belfort,1077.44292538
Jordan Mein,1019.34715173
Sako Chivitchian,996.3488
Alexandre Barros,986.504685017
David Kaplan,955.825030872
Christian Wellisch,985.579537401
Corey Hill,981.753285817
Clint Hester,1001.43163113
Alonzo Menifield,1028.98048
Ronys Torres,969.455225309
Sirwan Kakai,997.856789953
Quinn Mulhern,970.238983309
Maryna Moroz,1028.78297806
Manvel Gamburyan,973.740642098
Rex Holman,986.051660648
Elizabeth Phillips,959.489101169
Eliot Marshall,1007.08067535
Mark Hominick,979.26678641
Igor Zinoviev,984.809920032
Keith Berish,970.962715903
Tom Niinimaki,970.044276856
Michel Prazeres,1104.20566029
Mirko Cro Cop,1005.15546588
Mehdi Baghdad,971.31579715
Geane Herrera,970.5931685
Fernando Bruno,958.966340252
Sijara Eubanks,1015.32932288
Jim Mullen,983.3903867
Kazuhiro Nakamura,969.481917705
Warlley Alves,1048.22144184
Roland Payne,968
Dorian Price,971.29024
TJ O'Brien,970.407445835
Jeff Hougland,997.113768011
Kelly Faszholz,967.804330444
Chris Beal,990.308148312
Cristina Stanciu,966.624402992
Nathaniel Wood,1046.36721133
Scott Adams,1032
Miesha Tate,1027.6674765
Bentley Syler,996.52928
Jeremy Stephens,1020.86255847
Paddy Holohan,1012.8606073
Damon Jackson,984.444406907
Uriah Hall,1024.05209863
Nick Thompson,1013.53106658
Luigi Fioravanti,989.119947774
Kevin Jackson,1002.54390957
Polyana Viana,970.367739915
Frank Camacho,1000.35387899
Jermaine Andre,968
Gray Maynard,1056.57605852
Patrick Cote,1015.18898171
Johnny Rhodes,1015.46814458
Keita Nakamura,966.137014457
Andre Soukhamthath,974.009524429
Isaac Vallie-Flagg,973.516815587
Dylan Andrews,993.281121392
Juan Adams,997.918733434
Jason Gilliam,965.121315277
Alexandra Albu,1000.16227345
David Roberts,968
Josh Shockley,955.005595511
Yusuke Kasuya,968.592037409
Ryan Spann,1030.5392214
Rostem Akman,996.8
Vernon White,987.151363587
Matt Horwich,968.680735454
Jumabieke Tuerxun,966.047527434
Ismail Naurdiev,1019.00445165
Curtis Millender,1019.05502749
Andy Wang,971.83168
Josh Neer,962.826517783
Tim Johnson,1007.77114808
Jake Rosholt,988.484936034
Kennedy Nzechukwu,983.37634517
Charles McCarthy,985.165796272
Erick Silva,1000.37682938
Iuri Alcantara,1043.19802558
John Gunderson,985.334073877
Ian Heinisch,1035.74975599
Abdul-Kerim Edilov,1013.81685787
Jason Black,970.407254499
Ikuhisa Minowa,1016.78724534
Justin Lawrence,994.79189527
John Teixeira,996.43904
Dongi Yang,989.693755418
Ernest Chavez,997.563807111
Amaury Bitetti,1003.24989672
Adam Yandiev,985.829524486
Dave Strasser,1013.61002231
Davi Ramos,1051.44854834
Antonio Dos Santos,966.417025213
Katsuhisa Fujii,988.877079236
Carlos Eduardo Rocha,984.667495791
Zelim Imadaev,982.332272753
Melvin Guillard,1039.1873386
Geza Kalman,1032
Jeff Newton,985.522137929
Antonio Braga Neto,998.059120828
Elvis Sinosic,936.708079025
Marcio Cruz,1016.3758667
Larissa Pacheco,967.506124507
Falaniko Vitale,1003.51754072
Steve Cantwell,944.362045736
Scott Ferrozzo,1003.36561754
John Alessio,929.983100752
Tom Watson,959.925444821
Neil Magny,1099.4042961
Wade Shipp,971.47072
Eric Shelton,962.250955443
John Cofer,956.509514179
Dan Stittgen,981.359116106
Julianna Pena,1051.9737618
Roy Nelson,1009.48735004
Denis Stojnic,970.584902379
Marco Ruas,1028.72192028
Greg Soto,986.85557592
Izabela Badurek,996.70976
Dokonjonosuke Mishima,971.094364053
Marcin Wrzosek,971.38048
Alexa Grasso,1014.13162018
Justin McCully,1002.04995876
Hatsu Hioki,973.154298423
Michael Chiesa,1069.98450183
Piotr Hallmann,970.072315744
Dmitri Stepanov,968
Te Edwards,981.060720137
Joshua Sampo,980.674758902
Boston Salmon,983.955729773
Minoki Ichihara,988.360951773
Tom Gallicchio,984.582245803
Joe Jordan,984.123854603
Edwin Figueroa,959.314479018
Hu Yaozong,964.256117166
Marcus Aurelio,974.715041162
Markus Perez,1001.38669216
David Heath,986.799903978
Enson Inoue,1032
Marvin Vettori,997.337723595
Angela Hill,952.864255749
Seth Petruzelli,939.722049231
Cody Pfister,967.051891683
Jason Tan,968.710170662
Tim Credeur,1027.32899165
Jason Gonzalez,970.217609585
Romie Aram,970.47808
Bubba McDaniel,998.523782464
Shane Nelson,1006.41329413
Rogerio Bontorin,1015.66351161
CM Punk,970.220550253
Ryan Couture,970.008034118
Hector Aldana,969.654422904
David Branch,995.706933011
Cameron Dollar,981.764265007
Nathan Coy,976.023088214
Aleksandar Rakic,1061.59553771
Matt Hughes,1123.21857394
Tyron Woodley,1115.44779886
Justin Gaethje,1029.48045868
Chase Gormley,967.363128499
Dan Ige,1043.67669215
Serghei Spivac,982.127989739
Arjan Bhullar,1033.19054798
Ronda Rousey,1066.51982916
Jalin Turner,984.02357107
Martin Bravo,994.957794448
Yuri Vaulin,983.271289362
Scott Bessac,1032
Enrique Marin,957.419643245
Wilson Gouveia,1026.58252563
Roger Narvaez,986.856259007
Tim Elliott,983.273615927
Oluwale Bamgbose,954.995935447
Dong Hyun Ma,998.285802222
Curtis Stout,956.429181554
Dan Bobish,988.058173562
Chris Camozzi,984.342187981
Sergei Pavlovich,1000.71186507
Marcin Held,973.372046777
Julian Marquez,998.710307097
Norifumi Yamamoto,967.994014738
Andy Anderson,968
Jose Torres,1000.42120824
Roxanne Modafferi,1000.20073826
Vinc Pichel,1044.89896711
Benny Alloway,996.175423872
Keith Rockel,999.561291187
Maciej Jewtuszko,983.370276535
Caol Uno,980.441167236
Delson Heleno,996.89024
Yoshiki Takahashi,1028.70976
Ronny Markes,1012.02332211
Jessica Rakoczy,958.991504657
Cheick Kongo,1066.25505564
Anthony Lapsley,968.269595472
Bob Gilstrap,982.651979945
Alex Andrade,983.384808874
Brandon Davis,988.347181542
Marcelo Golm,964.581922795
Aaron Phillips,966.492810737
Kit Cope,983.538799263
Kyle Kingsbury,969.401850822
Pascal Krauss,1015.15049613
Thales Leites,1065.14731138
Jeff Joslin,986.703511768
Austin Hubbard,984.882425153
Brian Bowles,1009.7833494
Sam Hoger,991.558927211
Augusto Sakai,1031.42282876
Jimmie Rivera,1045.58637607
Jonathan Meunier,1001.64426581
Craig White,973.189051503
Michael Kuiper,965.756401319
Pete Williams,969.159346627
Christophe Leninger,971.250711433
Lucas Martins,1017.03178227
James Toney,988.040516524
Chuck Liddell,1112.31355611
Gerald Strebendt,971.10976
Steve Jennum,1017.4433293
Rani Yahya,1083.71058488
Joey Beltran,962.005428463
Sam Adkins,969.874325397
Derrick Noble,983.983121105
Ansar Chalangov,968.665549465
Chris Clements,1002.33638111
Zak Cummings,1074.86103659
Bobby Nash,954.294534316
Johnny Case,1026.14692746
Kyle Watson,988.629958882
Brandon Vera,1017.93769446
Steve Judson,968.0147456
Tedd Williams,997.228881292
Ian Entwistle,974.079862717
Lavar Johnson,1002.02291902
Takenori Sato,969.664595418
Troy Mandaloniz,1011.68894588
Albert Cheng,997.43168
Dave Menne,968.313298909
Stanislav Nedkov,984.9112463
Danny Downes,969.312137729
Besam Yousef,954.576782644
Leandro Issa,999.582190776
Siyar Bahadurzada,1020.72799044
David Hood,968
Kimo Leopoldo,979.366831407
Martin Day,985.006594115
Marlon Moraes,1045.41420787
Felipe Silva,985.573020698
Chase Sherman,961.809095733
Nate Marquardt,1007.12558033
Jim Miller,1067.09722223
Georges St-Pierre,1252.74423422
Rosi Sexton,957.477991047
Danny Roberts,1021.40221761
Leah Letson,1003.29024
Ricky Simon,1048.39062783
Tim McKenzie,970.47808
John Hathaway,1074.46899759
Dante Rivera,972.19264
Icho Larenas,970.65856
Roger Gracie,971.01952
Stevie Ray,1025.04069126
Amanda Nunes,1131.55046851
Mike Ciesnolevicz,1011.18969599
Brandon Moreno,1015.12874984
Hector Sandoval,1000.43425997
Din Thomas,1016.29635318
Song Kenan,1013.36079909
Kevin Jordan,970.176902735
Mike Pierce,1059.94007094
Christian Colombo,970.098805642
Casey Kenney,1017.49229518
Jerrod Sanders,986.838672724
Jon Jones,1235.73309607
Chas Skelly,1020.25193587
Aleksei Kunchenko,1037.02173355
Phil Baroni,954.595162873
Poliana Botelho,1030.64865769
Douglas Silva de Andrade,1014.23347208
Mark Robinson,999.272030131
Jeremy Kimball,968.584920347
Belal Muhammad,1051.05627726
Mark Hunt,1024.9532489
Lyman Good,1005.13100339
Khalil Rountree Jr.,1006.60442872
Erick Montano,995.215228461
Eddie Ruiz,984.843851263
Hacran Dias,979.392501918
Mikey Burnett,1030.49044714
Francisco Trinaldo,1116.17994155
David Mitchell,949.486758292
Kristof Midoux,972.19264
Jeremy Horn,988.908261081
Chris Haseman,986.5294486
Gabriel Benitez,1055.81064314
Dustin Jacoby,980.438091911
Sarah Frota,984.860118959
Shane Campbell,956.319166539
Reese Andy,972.309248654
Rob Font,1051.096127
Nik Lentz,1088.37898047
Marion Reneau,1017.40064202
Johnny Rees,955.374643269
Tony Fryklund,1012.43130147
Diego Rivas,1006.72505122
John Phillips,965.31168281
Todd Medina,1000.07670957
Joe Vedepo,968.364475147
Yan Cabral,982.261124219
Konstantin Erokhin,969.285422808
Rocky Lee,971.6512
Raquel Pennington,1020.40632316
Marcio Alexandre Junior,966.638568667
Adam Milstead,982.691827873
Daniel Omielanczuk,975.937868894
Godofredo Pepey,997.79868306
Steve Kennedy,968.283975488
Jeremy Larsen,942.390182963
Ildemar Alcantara,1009.62283616
Chan Sung Jung,1037.12310711
Marcus LeVesseur,984.857544307
Pete Spratt,998.486764708
Cody McKenzie,991.30569893
Brad Kohler,1000.32092779
Antonio Carvalho,1004.09067212
Houston Dorr,983.354054381
Alvaro Herrera,954.877235862
Joey Gambino,970.296668641
Keiichiro Yamamiya,983.565732365
Shamar Bailey,972.732539785
Clay Guida,1061.40180376
Cathal Pendred,1035.60808517
Ryan Janes,1003.27898245
Dustin Kimura,980.539974178
Joshua Burkman,927.120657713
Frank Mir,1047.77457276
Tim Sylvia,1083.47628442
Nick Denis,999.719370463
Lucio Linhares,973.461234568
KJ Noons,988.626984834
Nikita Krylov,1040.17722452
Song Yadong,1055.19628622
Matt Bessette,969.572078328
Marco Beltran,1023.4580418
Jared Papazian,953.591781845
Naoki Inoue,1010.63464424
Dong Hyun Kim,1118.68981625
Rameau Thierry Sokoudjou,984.570360529
Reuben Duran,955.411491871
Alan Jouban,1033.19260707
Brendan O'Reilly,966.665465374
Justin Wren,970.56832
Jerry Bohlander,1041.28769978
Joe Brammer,967.526573519
Kevin Ferguson,1000.28910599
Maximo Blanco,989.499580729
Yana Kunitskaya,1017.89119066
Vinicius Queiroz,971.2
Daniel Spohn,971.56096
Tom DeBlass,966.764790919
Polo Reyes,1018.39050357
Alan Belcher,1036.17826845
Christian Morecraft,969.207667587
Steven Siler,1017.24217836
Wu Yanan,999.472434766
Marcelo Aguiar,984.730150413
Jimmy Crute,1031.83340787
Kailin Curran,914.123830289
Daniel Kelly,1036.10953084
Zu Anyanwu,985.414158718
Aaron Brink,971.6512
Joe Merritt,984.419146409
Carls John De Tomas,955.897647665
Fredson Paixao,997.16096
Michael Johnson,1022.87478038
Sean O'Malley,1028.68304205
Jessica-Rose Clark,1014.15759198
Anthony Birchak,1000.63939697
Ashley Yoder,970.198368893
Rob Broughton,996.735571183
Humberto Brown,971.56096
Drew Fickett,1020.47418384
Pawel Pawlak,982.599925104
Shane Carwin,1037.02797598
Travis Fulton,984.447317482
Matt Schnell,1021.47111689
Nam Phan,945.129444406
Razak Al-Hassan,955.550986309
Jess Liaudin,997.302151147
Jason High,978.827495008
Crafton Wallace,958.170950246
Daniel Pineda,990.679518924
Allan Zuniga,970.65856
Paulo Costa,1060.15111578
Charles Oliveira,1111.12498144
Scott Junk,983.647198552
Cole Miller,1003.46991779
Luigi Vendramini,985.875188432
Gadzhimurad Antigulov,1000.18963679
Kenichi Yamamoto,1028.37547089
Kamaru Usman,1164.68638063
Aiemann Zahabi,984.411357892
Mike Wilkinson,989.898105024
Gleison Tibau,1034.41920394
Ian Freeman,990.78249594
Mairbek Taisumov,1097.80970853
Dale Hartt,971.82308465
Ryan Jimmo,985.450074561
Koji Oishi,971.726549781
Yuri Villefort,955.121820029
Kelvin Gastelum,1080.01691368
Damir Hadzovic,1005.17325058
Igor Araujo,1001.95239401
Pat Schilling,955.749243733
Francisco Trevino,986.470946589
Mostapha Al-Turk,956.981868521
Gerry Harris,984.035430401
Yan Xiaonan,1057.63810762
Rousimar Palhares,1057.02907802
Cub Swanson,1047.38773502
Albert Morales,957.924104542
Jorge Santiago,944.485774789
Tina Lahdemaki,971.29024
Jack Hermansson,1080.50883063
Marcel Fortuna,982.752291011
Floyd Sword,984.492813945
Eddie Wineland,992.891189438
Dashon Johnson,956.571096793
Ryan Madigan,983.868258066
Evan Tanner,1062.9806403
Tyler Diamond,997.16096
Li Jingliang,1048.11487628
Ben Saunders,1000.86676321
Brendan Loughnane,996.61952
Ovince Saint Preux,1036.11112606
Mike Rodriguez,1000.54587293
Antonio Mendes,970.063855488
Josh Hendricks,985.783179547
Miguel Torres,1013.83993461
James Mulheron,996.8
Cale Yarbrough,970.2976
Derek Brunson,1077.61051467
Renato Moicano,1048.90064578
Tsuyoshi Kohsaka,1000.38623378
Colin Fletcher,980.57056509
Matt Veach,986.435994821
Jonathan Brookins,998.491445852
Shamil Abdurakhimov,1062.99045743
Shonie Carter,991.200540099
Damien Brown,971.019185637
Carlos Barreto,983.459458783
Thiago Moises,999.893249638
Jason Lambert,1008.29180523
Aljamain Sterling,1098.78806133
David Abbott,968.971474507
David Zawada,970.705264918
John Polakowski,971.2
Josh Copeland,970.974534532
Roger Huerta,1062.89269127
Rampage Jackson,1056.29181514
Cat Zingano,982.914630869
Niko Price,1046.41270256
Frankie Saenz,1007.3705138
Gil Castillo,988.149273479
Elias Garcia,968.215043616
Nick Penner,967.632937941
Zak Ottow,1002.36709169
Scott Morris,1000.20213522
Antonio McKee,985.099640383
Wes Sims,956.825554377
Claudio Silva,1066.4491233
Steve Bruno,984.186646915
Montana De La Rosa,1033.80256385
Che Mills,1019.3135928
Richard Crunkilton,970.7488
John Lewis,1016.48285949
Patrick Cummins,987.609595434
Jianping Yang,970.56832
Charles Byrd,973.098476315
Eddie Yagin,1001.03069668
Steve Vigneault,985.733856958
Brian Melancon,1001.29073299
Diego Brandao,1038.38753858
Ray Wizard,984.20247267
Jake Hecht,983.929005462
Zane Frazier,967.205589347
Brian Kelleher,1005.8645466
Luke Barnatt,1006.48408662
Rony Jason,990.331587159
James Vick,1083.93297684
Brock Larson,988.463049469
Jack May,956.627716804
Stephan Bonnar,1022.11954425
Hayato Sakurai,984.929511994
William Patolino,977.700492982
Sergio Moraes,1052.27765812
Jared Hamman,943.970914893
Joseph Sandoval,955.81401103
Joby Sanchez,951.09802604
Eddie Gordon,958.16424398
James Hammortree,971.47072
Sam Sicilia,962.306248661
Gian Villante,995.785651577
Dustin Neace,971.01952
Rachael Ostovich,972.726117858
Elias Theodorou,1062.15456278
Stefan Sekulic,984.841559632
Yasuhiro Urushitani,971.041068124
Ruan Potts,955.154487386
Raphael Assuncao,1107.90974467
Bobby Moffett,1000.75554792
Lina Lansberg,1004.20960246
Sean Alvarez,983.563167501
Andrew Sanchez,1039.08235651
Nick Ring,1012.84126753
Anthony Perosh,981.376549227
Pedro Munhoz,1068.44198009
Magomed Bibulatov,985.000731977
Mark Schultz,1016.25270257
Anthony Macias,969.765469531
Justine Kish,997.680219388
Chris Gutierrez,1000.88018643
Karo Parisyan,1050.0476006
Tiago Trator,986.906758224
Joe Pardo,968
